<?xml version='1.0' encoding='utf-8' standalone='yes' ?>
<map>
    <string name="chats_header_background_gd_bg_mode">0</string>
    <int name="chats_header_background_gd_bg_color_picker" value="-1" />
    <int name="chats_header_icons_color_picker" value="-4056997" />
    <int name="starred_message_quoted_text_picker" value="-16294316" />
    <int name="key_accent_picker" value="-2614432" />
    <int name="sliderbg_picker" value="-1" />
    <int name="starred_message_bg_odd_color_picker" value="-1" />
    <int name="pagetitle_sel_picker" value="-1" />
    <boolean name="chats_hide_fab2_check" value="false" />
    <int name="starred_message_quoted_bg_picker" value="-16294316" />
    <boolean name="hide_floatingbtn_check" value="false" />
    <boolean name="gb_group" value="true" />
    <boolean name="hide_internet_icon_check" value="false" />
    <int name="starred_message_date_bubble_color_picker" value="-16777216" />
    <int name="starred_messages_message_link_color_picker" value="-15425101" />
    <int name="header_background_color_picker" value="-1" />
    <boolean name="key_border_padding" value="false" />
    <boolean name="key_row_thumbnail" value="false" />
    <boolean name="chats_hide_fab3_check" value="false" />
    <int name="floatingbtn_bg_color_picker" value="-16294316" />
    <int name="tabindicator_color_picker" value="-16294316" />
    <int name="floatingbtn_pencil_color_picker" value="-1" />
    <boolean name="hide_new_chat_icon_check" value="false" />
    <int name="starred_message_names_color_picker" value="-16777216" />
    <string name="fab_style_size">0</string>
    <int name="starred_message_quoted_name_picker" value="-1725860935" />
    <boolean name="key_systembar_translucent" value="false" />
    <boolean name="key_custom_icon" value="false" />
    <boolean name="key_avatar_animation" value="false" />
    <boolean name="key_toolbar_subtitle" value="false" />
    <int name="starred_message_forward_color_picker" value="-16777216" />
    <boolean name="square_photo_check" value="false" />
    <boolean name="key_home_wallpaper" value="false" />
    <int name="chats_header_background_picker" value="-1" />
    <boolean name="key_accent_check" value="true" />
    <int name="starred_message_background_gd_bg_color_picker" value="-1" />
    <int name="starred_message_quoted_divider_picker" value="-16777216" />
    <int name="starred_message_date_color_picker" value="-16777216" />
    <int name="starred_message_star_color_picker" value="-16777216" />
    <int name="pagetitle_picker" value="-1" />
    <int name="starred_message_forward_bg_color_picker" value="-16777216" />
    <boolean name="key_navigation_bar" value="false" />
    <int name="starred_message_message_color_picker" value="-16777216" />
    <int name="starred_message_message_bubble_color_picker" value="-16777216" />
    <int name="starred_message_chevron_color_picker" value="-16777216" />
    <int name="square_photo_ratio_picker" value="1" />
    <boolean name="chats_header_icons_color_check" value="true" />
    <boolean name="key_drawer_rounded_icon" value="false" />
    <string name="starred_message_background_gd_bg_mode">0</string>
    <int name="msg_badge_picker" value="-16777216" />
    <int name="key_fab_color_picker" value="-11171025" />
    <string name="gb_fab_type">1</string>
    <int name="starred_messages_row_divider_picker" value="-1" />
    <boolean name="starred_messages_hide_divider_check" value="false" />
    <string name="gb_language_key">0</string>
    <int name="key_avatar_size" value="46" />
    <boolean name="chats_show_my_name_check" value="false" />
    <boolean name="chats_header_background_check" value="true" />
    <string name="fab_style_gravity">0</string>
    <int name="title_badgebg_picker" value="-1" />
    <boolean name="chats_hide_fab1_check" value="false" />
</map>
